@id,@lon,@lat,name,cuisine,website,wheelchair,opening_hours,addr:city,internet_access,phone,email,outdoor_seating,smoking,payment:visa_electron,payment:coins,payment:mastercard,addr:street
309894643,21.4315704,41.9953933,Пелистер,italian,https://www.pelisterhotel.com.mk/,yes,Mo-Th 07:00-00:00; Fr-Sa 07:00-01:00; Su 10:30-00:00,Скопје,,,,,,,,,Плоштад Македонија
382645252,22.0215553,41.4347276,Brioni,,,,,,,,,,,,,,
386705447,22.0115107,41.4412063,Ramazzoti,,,,,,,,,,,,,,
386705584,22.0096102,41.4410295,Exclusive,,,,,,,,,,,,,,
393755446,22.7220346,41.1844141,Фук Так,fish;grill,,,,,wlan,,,,,,,,
411006922,21.4140669,41.9947432,Интермецо,,,,,,,,,,,,,,
411634092,21.2485747,41.368101,Скар,italian_pizza;regional;balkan,,,,,wlan,,,,,,,,
411634094,21.2486257,41.3681312,Бенетон,,,,,,,,,,,,,,
414619170,21.2151321,41.5065603,Cardak,chicken;diner;regional;pancake;sausage;coffee_shop;ice_cream;balkan;mediterranean;burger;fish;breakfast;grill,,,Mo-Su 08:00-02:00,,wlan,38978420959,,,,,,,
414619172,21.2177087,41.5075223,Lisec,,,,,,,,,,,,,,
419115353,21.2442677,41.541066,Пешна,fish,www.pesnamotel.com.mk,,,,,,pesnamotel@yahoo.com,,,,,,
419829216,22.0111128,41.4412564,Kico,,,,,,,,,,,,,,
419829221,22.0135418,41.4407867,Riben restorant,,,,,,,,,,,,,,
419829868,22.0116142,41.4331716,Aleksandrija,regional,,,,,,,,,,,,,
423804306,21.2160292,41.5081589,Kaj Mame,,,,,,,,,,,,,,
427013440,22.0121336,41.4411582,Spandja,,,,,,,,,,,,,,
429175192,21.4438183,41.9768256,Журнал,,,,,,,,,,,,,,
442545329,22.4125757,41.9153534,Пролет,,,,,,,,,,,,,,
444360934,22.4062744,41.9596507,Градче,regional,,,,,,,,,,,,,
444695367,22.6230389,41.8339517,Ribnik Blatec,,,,,,,,,,,,,,
445422613,21.4871217,42.0072516,Hunter’s Lodge “Kamnik”,steak_house,http://www.kamnik.com.mk/,,,,,,,,,,,,
459668143,21.4307036,42.0047876,Под Кале,,,,,,,,,,,,,,
459668914,21.4342799,41.9943261,Кај Џино,italian,http://www.restorangino.mk/,,Mo 08:00-24:00  Tu We Fr Sa 09:00-24:00  Th 09:00-23:00  Su 09:00-01:00,,,+389 2 3121109,contact@restorangino.mk,yes,outside,,,,
459669063,21.4350117,41.9952456,Плаза де Торос,latin_american,,,,Cкoпje,,,,,,,,,Кеј 13 Ноември
461655652,22.6502444,41.4392415,Luna 2,,,,,,,,,,,,,,
477689620,22.0953457,41.4895975,Rubiko,regional,,,,,,,,,,,,,
477689674,21.9522494,41.5237914,Kaj Zika,regional,,,,,,,,,,,,,
478041022,22.0136796,41.4337258,Makedonska Kuka,regional,,,,,,,,,,,,,
481098096,21.3995191,42.0031464,Енрико,italian,,,,,,,,,,,,,
497549476,22.8645,41.69802,Мило,,,,,,,,,,,,,,
497549481,22.85985,41.70396,Ристово Меанче 2,,,,,,,,,,,,,,
497549483,22.8571233,41.7045671,Мрс,,,,,,,,,,,,,,
499932154,22.9354984,41.7301724,Дивине,,,,,,,,,,,,,,
521505926,22.0187521,41.4389417,Moneta,,,,,,,,,,,,,,
528996470,20.7819982,40.9615847,Сен Тропе,,,,,,,,,,,,,,
555008847,22.7242971,41.180711,Нота,fish,,,,,,,,,,,,,
555023959,20.6762151,41.1769374,Т'ГА ЗА ЈУГ,regional,,,,,,,,,,,,,15 Корпус
572366400,20.676795,41.1778398,Bonaca,,,,,,,,,,,,,,
577538782,21.4349372,42.0198926,Prince,,,,,,,,,,,,,,
600905655,21.3926682,42.0028498,Две капки,,,,,,,,,,,,,,Хелсинки
696669231,21.4368796,41.9869006,иВ,,,,,,,,,,,,,,
837180282,21.3533345,41.0364578,Арена,,,,,,,,,,,,,,
908273433,21.4367576,42.0003099,Туpиcт,regional,,,,,,,,,,,,,
911173351,22.0333387,41.397022,Tropic,,,,,,,,,,,,,,
911176033,22.004638,41.4347168,Moskva,,,,,,,,,,,,,,
1012247331,21.1874306,42.1656891,LUMA,burger,,,,,,,,,,,,,
1021423924,20.9731075,42.0080851,Maestro Cafe,,,,,,,,,,,,,,
1132688809,21.3274583,41.9953819,River Side Garden,international,,,,,,38970890606,,,,,,,
1371716593,21.4122694,41.9979155,Топаз,,,,,,,,,,,,,,Рузвелтова
1372568001,21.3989291,42.000855,Веки,,,,,,,,,,,,,,Варшавска
1377184494,21.4960141,42.0013936,Велково Меанче,,,,,,,,,,,,,,
1378130151,21.4390455,41.9841333,Чешма,,,,,,,,,,,,,,
1378228324,21.4455687,41.9710708,Ресторан Трпеза,,,,,,,,,,,,,,
1378228333,21.4385091,41.9787578,Ресторан Кум,,,,,,,,,,,,,,
1380378665,21.4078483,41.9997295,Рустикана,burger;regional;breakfast;grill;mediterranean;balkan;chicken;kebab,,,Mo-Su 10:00-00:00,,wlan,38971383382,dinamic.ksk@gmail.com,,,,,,Римска
1380378702,21.415982,41.9985008,Боеми,,,,,,,,,,,,,,
1475328750,21.3462963,42.0464013,Restoran Tomi,regional,,,,,,,,,,,,,
1475388232,21.3508185,42.0299906,Meraklii,regional,,,,,,,,,,,,,
1506640739,21.4700306,41.591053,Ѕидан Мост,,,,,,,,,,,,,,
1535266560,21.4820381,41.9782792,Ресторан Рагуза 919,,,,,,,,,,,,,,
1577483516,21.3975417,42.0035286,Старо Буре,international,,,,,,,,,,,,,
1577485951,21.3741187,42.0065185,62,regional,,,,,,,,,,,,,
1596475596,22.0228438,41.4334495,Винска Куќа,regional,,,,,,,,,,,,,
1634933708,21.7753509,41.7170862,Снупи,,,,,,,,,,,,,,
1660208191,21.3528594,41.036449,Аражок,,,,,,,,,,,,,,
1660208193,21.3539109,41.036449,Балукс,,,,,,,,,,,,,,
1674866746,22.5045562,41.1651121,Јавор Џоко,,,,,,,,,,,,,,
1676857177,21.4871492,41.9843967,Рибен ресторан Рибар (Одисеја),fish,,,,,,,,,,,,,
1710571027,21.7777592,41.7176653,Снупи,,,,,,,,,,,,,,
1710571117,21.7775232,41.7176332,Официрски,,,,,,,,,,,,,,
1712601384,21.7842383,41.7153245,Сина Сала,,,,,,,,,,,,,,
1712601392,21.7842139,41.7154688,Розе Сала,,,,,,,,,,,,,,
1747649203,21.4151525,41.9946274,Крчма,,,,,,,,,,,,,,
1748017584,21.4204907,41.9904847,Marana,regional,,,,Скопје,,,,,,,,,
1751563134,21.4245254,41.9947645,Pastel Wine & Dine,international,http://pastel.mk/,yes,Mo-Fr 06:30-21:00; Sa 06:30-17:00; Su 06:30-16:00,Cкoпje,wlan,+389 2 3214447,,,outside,yes,yes,yes,Булевар Климент Охридски
1752178268,21.4163482,41.9922398,511,italian,,,,,,,,,,,,,
1752186795,21.4086601,41.9972291,Акорд,,,,,,,,,,,,,,
1768193993,21.7204006,42.1365224,Баба Цана,,,,,,,,,,,,,,
1770866402,21.4207447,41.9987097,Пицерија Либертас,pizza,,,,,,38970567295,,,,,,,T.C Bunjakovec prv kat lok 36
1776012307,21.7318423,42.1235585,Корнер,,,,,,,,,,,,,,
1790311348,22.819584,41.3811426,Ресторан СОНЦЕ - Restaurant SONCE,regional,,,,,,,,,,,,,
1791598024,22.6991213,41.2271802,Хотел Иштатов,,,,,,wlan,,,,,,,,
1794219941,21.7181577,42.1317263,Рим-Париз,,,,,,,,,,,,,,
1848409293,21.4456487,41.9775109,Ексклузив,,,,,,,,,,,,,,
1850489869,21.4514149,42.0578588,Ресторан „Александар“,,,,,,,,,,,,,,
1850521527,21.4523161,42.0537503,Дарвик,,,,,,,,,,,,,,
1857486052,21.4647397,42.0019716,Тица - Елени,barbecue,,,,,,,,,,,,,
1867176020,21.4304595,41.9957062,Тренд,international,,limited,,,,,,,,,,,
1868812117,21.4204158,41.9987513,Дестан,barbecue,https://destan.mk/pocetna/,,Mo-Su 09:00-23:00,Cкoпje,,38923127324,,yes,separated,,,,Владимир Полежановски
1868812169,21.3995909,42.0034064,Ана Кристи,barbecue,,,,,,,,,,,,,
1868933572,21.3992299,42.0017742,Фотка,macedonian,,,,,,,,,,,,,
1874196851,22.3532041,42.0371055,Осоговски Бисер,regional,,,,,,,,,,,,,
1911952177,22.1994416,41.1775397,Момина Чука,regional,,,,,,,,,,,,,
1911952203,22.2108324,41.1690988,Марково Бачило,regional,,,,,,,,,,,,,
1919413204,22.4698529,41.6337176,Restoran Shampion,,,,,,,,,,,,,,
1920228869,22.1639057,42.1826707,Park,fish,,,,,,,,,,,,,
1920229092,22.0980414,42.1712493,Гого Монд,fish,,,,,,,,,,,,,
1927095420,22.1937687,41.7376171,Piaza Liberta,,,,,,,,,,,,,,
1969643792,21.2205193,41.6150472,Извор,fish,,,,,,,,,,,,,
1985948203,21.416522,41.9922245,Balila,italian,,,,,,,,,,,,,
1999633538,21.4280088,41.9913688,Бифиња - Рамстор,,,,,,,,,,,,,,
1999950854,22.2452001,41.4084933,Urban Grill,grill;regional,,,,,,,,,,,,,
1999950860,22.2432474,41.4098411,Kaj Kole,,,,,,,,,,,,,,
1999950870,22.2439153,41.4092999,Lovec,pizza;regional,,,,,,,,,,,,,
1999950889,22.2329754,41.4141902,Queen Maria,,,,,,,,,,,,,,
2105387352,21.4252581,42.0001581,Бруклински,,,limited,,Скопје,,+389 2 6091844,,yes,separated,,,,Орце Николов
2159535851,21.4347685,41.9953199,Бела виста,international,www.bellavistaskopje.mk,,10:00-24:00  Fr-Sa 10:00-01:00,Cкoпje,,,,,,,,,Кеј 13 Ноември
2248576375,20.8544996,41.6714632,Стража,,,,,,,,,,,,,,
2292333295,21.5546262,41.3459768,Каспер,,,,,,,,,,,,,,
2292437665,21.5543097,41.3453989,Пинк Пантер,,,limited,,,,,,,,,,,
2292486455,21.5543797,41.3460137,Парадизо,,,yes,,,,,,,,,,,
2294320125,21.4080594,41.993167,Два Елена,,,,,,,,,,,,,,
2316032925,20.8016318,41.076418,Македонска куќа,,,,,,,,,,,,,,
2316119134,22.4104224,41.9176668,Капри,,,,,,,,,,,,,,
2316156248,21.3356564,41.0295644,Pizza Metro,pizza,,,,,,,,,,,,,
2316156279,21.3368286,41.0256207,Пицерија Лео,,,,,,,,,,,,,,
2320912360,22.4104385,41.9172558,Aquarium,,,,,,,,,,,,,,
2320912421,22.4102588,41.918076,Balkanlux,,,,,,,,,,,,,,
2320923929,22.4101783,41.9187207,Bakery Kamel,,,,,,,,,,,,,,
2322886873,21.4302915,41.9952825,Арабеска,regional,,,,,,,,,,,,,
2324290153,21.3323916,42.003391,Ореов Лад,macedonian,,,,,,,,,,,,,
2333163643,21.2993843,41.9502955,Кањон Матка,regional,,,,,,,,,,,,,
2334423406,21.2961533,41.9610975,Манастирска пештера,regional,,,,,,,,,,,,,
2357239839,20.9594822,41.5118075,Gallery,italian;pizza;regional,,,,,,,,,,,,,
2360748743,22.5011779,41.146047,ТДЦ-3,,,,,,,,,,,,,,
2377937978,20.8123651,41.1084477,Restoran Gros,,,,,,,,,,,,,,
2377938382,20.8148703,41.1028959,Ресторан Билјанини Извори,,,,,,,,,,,,,,
2387561655,20.9508952,41.5115542,Atva,regional,,,,,,,,,,,,,
2406002719,22.6452777,41.4378354,Вкус,regional,,,,Струмица,,,,,,,,,Гоце Делчев
2411306190,22.4963093,41.1622759,Јавор Агапи,,,,,,,,,,,,,,
2411329687,21.4117168,42.0131608,Фиш,fish,,,,,,,,,,,,,
2465901189,22.6328921,41.4352537,Loven Dom,regional,,,,,,,,,,,,,Neretva
2477123089,21.862568,42.1574944,Етно Село,regional,,,,,,,,,,,,,
2477129912,21.8645555,42.1324603,Fratelis,fish,,,,,,,,,,,,,
2535205987,22.0130335,41.4327641,Buki,,,,,,,,,,,,,,
2557554508,22.9422359,41.7297622,Идила,,,,,,,,,,,,,,
2574272022,22.3059103,42.1902652,Борче,regional,,,,Крива Паланка,,,,,,,,,Konopnica
2574272026,22.3089155,42.192289,Облаче,regional,,,,Kriva Palanka,,,,,,,,,
2578029326,22.3466279,42.2123127,македонија,regional,,,,Крива Паланка,,,,,,,,,Marshal Tito
2580192144,21.4727082,41.9650429,Градина,,,,,,,,,,,,,,
2759066732,20.8011769,41.1123103,Белведере,regional,,,,,,,,,outside,,,,
2818872887,21.4145137,42.0051241,Сокаче,,,,08:00 - 00:00,Cкoпje,,,,,,,,,Драган Ѓаконовски Шпато
2835853871,20.958638,41.986155,Emka,regional,,,,Тетово,,,,,yes,,,,Илинденска
2883877896,21.4522729,41.9914536,Every Day,,,,,,,,,,,,,,
2891531722,22.5889401,42.0244107,Шизик,,,,,,,,,,,,,,
2891533000,22.587663,42.0179585,Osmica,regional,,,,,,,,,,,,,
2891537201,22.5914449,42.0170338,Kaj Govedoto Restaurant,balkan;regional,,,,,,,,yes,isolated,,,,
2905985671,22.5886582,42.0178835,Shizik Restaurant,regional;pizza;kebab;chicken,,,,,,,,yes,outside,,,,
2905985814,22.5899229,42.0195336,Koko Restaurant,kebab;regional;barbecue,,,,,,,,yes,outside,,,,
2984088703,20.8016787,41.0678423,Prestol,,http://www.hotelprestol.com,,07:00-21:00,,wlan,+389 46277858,,,,,,,
2992064333,20.8009009,41.0666434,Granit,,http://www.hotelgranit.com.mk,,,,wlan,+389 46207100,reservation@hotelgranit.com.mk,,,,,,
3005348016,20.8002909,41.116341,Meydan,,,,,,,,,,,,,,
3020876346,21.3236858,42.0597023,Старо Буре,,,,,,,,,,,,,,
3085981445,20.8031982,41.0459402,Dva Bisera,Spécialités_Locales,,,,,,,,,,,,,
3100113750,20.8026136,41.1140172,Фopтунa,regional,,,Mo-Su 07:00-24:00,Охрид,,,,,outside,,,,Димитар Влахов
3101726040,21.4366005,42.0000179,Пивница АН,regional,http://pivnicaan.mk/,,Mo-Sa 09:00-24:00; Su 12:00-24:00,Cкoпje,wlan,+389 02 321 2111,pivnicaan@yahoo.com,yes,separated,,yes,yes,Градиште
3162746561,22.460188,41.639759,Target,italian,,no,,Radovis,,,,yes,no,,,,Ана Поцкова
3162749461,22.460412,41.640957,Jocker pizza,italian,,no,,Radovis,wlan,,,yes,no,,,,Кеј 8ми Септември
3162751061,22.461378,41.640184,Getsbi pizza,italian,,no,,Radovis,,,,yes,no,,,,Кеј 8ми Септември
3162755761,22.465724,41.634656,Vrteska,barbecue,,no,,Radovis,no,,,no,no,,,,Самуилова
3162763261,22.464019,41.63414,Gone,barbecue,,yes,,,no,,,no,no,,,,
3162772765,22.46449,41.633496,Sopka,barbecue,,,,,no,,,yes,no,,,,
3162778861,22.462943,41.636566,Karagjoz,barbecue,,limited,,,,,,yes,no,,,,
3162791061,22.44631,41.629596,Magmar,barbecue,,,,,,,,no,no,,,,
3162794862,22.461327,41.639065,Beverli hils,barbecue,,,,,,,,no,no,,,,
3162794863,22.462186,41.639133,Shona,barbecue,,,,,no,,,yes,no,,,,
3162794961,22.456789,41.633895,Santa Maria pizza,italian,,,,,,,,,,,,,
3162795861,22.463272,41.637611,Makedonsko Sonce,regional,,,,,no,,,no,no,,,,
3162796461,22.462199,41.63925,Lastik,barbecue,,,,,,,,no,no,,,,
3187744351,22.465528,41.637782,Lipa,barbecue,,,,,no,,,yes,no,,,,
3187745933,22.46306,41.638767,Maslac,barbecue,,,,,no,,,yes,no,,,,
3341289789,21.4297981,41.9925716,Damaskino,,,,,Скопје,,,,,,,,,Македонија
3428427693,20.800047,41.11542,Pizzeria Americano,italian,,,,,wlan,,,yes,outside,,,,
3484100384,21.4231542,41.9917018,Dal Fufo - Galija,,,,,Скопје,,,,,,,,,
3505013893,21.4319604,41.9947506,Destan,kebab,,yes,08:00-23:00,Скопје,,,,yes,separated,,,,11 Октомври
3505013993,21.4317257,41.9950911,Ла Тераца,italian,,yes,08:00-24:00  Fr-Sa 08:00-01:00,Скопје,,+389 2 3113380,,yes,separated,,,,11 Октомври
3506695093,21.3910004,42.0045421,Brooklyn Lounge Bar,italian,,yes,08:00-00:00; Fr-Sa 08:00-01:00,,,,,yes,separated,,,,
3536179577,21.4099065,41.9953743,Носталгија,,,,,,wlan,38923060708,,,,,,,Митрополит Теодосиј Гологанов
3599403566,21.4020366,41.9979148,Кај Маршалот,regional,,,,,,,,,outside,,,,Прашка
3647039848,21.733628,42.1208566,Exclusive,,,,,,,,,,,,,,
3647048030,21.7448727,42.1214792,Тераца,,,,,,,,,,,,,,
3648714485,21.4063144,42.0062651,Барбакан,,,,08:00-01:00,Cкoпje,,,,yes,,,,,Булевар 8-ми Септември
3664638120,22.3171977,41.6245987,Пилав Тепе,,,,,,,,,,,,,,
3671888433,20.8820185,42.0113442,Конак,,,,,,,,,,,,,,
3695356159,22.775975,41.9670002,Ресторан Либеро,regional,,,,Делчево,,,,,outside,,,,Н. Ј. Вапцаров
3696549082,22.7727421,41.9665628,Антика,,,,,,,,,,,,,,
3696549083,22.7743723,41.9671309,Кај Бубето,,,,,Делчево,,,,,,,,,Н. Ј. Вапцаров
3696549088,22.7714652,41.9655104,Пицерија Палма,pizza,,,,Делчево,wlan,,,,,,,,Маршал Тито
3696549089,22.7756155,41.9667157,Панорама,pizza,,,,Делчево,,,,,,,,,Н. Ј. Вапцаров
3696549091,22.7729809,41.9663111,Пицерија Iceberg,,,,,,,,,,,,,,
3696549092,22.7732345,41.9664629,Вигор,,,,,,,,,,,,,,
3699318356,22.772658,41.9641901,Ресторан Трла,,,,,,,,,,,,,,
3699318369,22.7736839,41.963414,Gostilnica Zvon-Trejd,,,,,,wlan,,,,,,,,
3707090923,21.4170693,41.997226,Еснаф кај даре,regional,,,,,,,,,,,,,
3751301960,21.4591155,41.9191256,Ресторан Бела,regional,,,,,,,,,,,,,
3784770415,22.6153456,41.5162501,ЈаворШпед,,,,,,,,,,,,,,
3786106943,22.2451062,41.6337365,Рибник,,,,,,,,,,,,,,
3822688281,21.2166228,41.5068787,Кај Чоме,,,,,,,,,,,,,,
3826400404,20.801555,41.1119481,Ривиера,,,,,,,,,,,,,,
3826400416,20.8039749,41.1104511,Ла Бела,,,,,,,,,,,,,,
3826400434,20.8052329,41.109536,Royal View,,,,,,,,,,,,,,
3830455732,21.4725098,41.9824716,Pizza Amica,,,,,,,,,,,,,,
3832475135,21.4427246,41.9922973,Лезет,,,,,,,,,,,,,,
3832475147,21.4422139,41.9922032,Кај Злате,,,,,,,,,,,,,,
3832555934,21.2494143,41.545315,Меана Дедо Илија,,,,,,,,,,,,,,
3909066219,21.4010837,42.0084895,бед бунар,,,,,,,,,,,,,,
3921774262,20.8866832,42.0138371,casa leone,italian,,,,,,,,,,,,,
3930911802,20.9750309,42.0077518,Restaurant Sirena,pizza,,,07:00- 24:00,Tetovo,,+389 44 335 701,,,isolated,,,,Маршал Тито
3932033588,21.4037096,42.0818924,Ribimiluss,pizza,,,,,,,,,,,,,
3951819586,21.4093282,41.9748528,бимекс,regional,,limited,9:00-24:00,,yes,,,,no,,,,
4004645106,21.4301301,41.9957324,Пекинг Гарден,chinese,www.pekinggarden.mk,,Mo-Sa 11:00-24:00; Su 12:00-23:00,Cкoпje,,+389 2 3221173,reservation@pekinggarden.mk,,,,,,Максим Горки
4016557277,21.4667276,41.9856123,Campione lounge Bar,italian,,,Mo-Su 08:00-01:00,Skopje,,+389 70 250 261,,,,,,,Boulevard Jane Sandanski
4016557278,21.4661426,41.9859376,DejaVu Lounge,french,,,Mo-Su 08:00-01:00,Skopje,,,,,,,,,Boulevard Jane Sandanski
4101107990,21.4365756,41.9871974,Makedonska sofra,,,,Mo-Sa 08:00-01:00,,wlan,38978929010,,,,,,,Јужен Булевар
4110147399,21.4448873,42.1382444,Етно кујна Вила Елена,balkan,,,,,,,,,,,,,
4126731965,21.434577,41.9973163,Sky ресторанот,international,,,,,,,,,,,,,
4149490289,21.4300742,41.9933026,Amigos Мексиканска Кантина,mexican,http://www.amigos.com.mk/,yes,Mo-Th 08:00-24:00  Fr Sa 08:00-01:00  Su 10:00-24:00,Скопје,,+389 71 230314,info@amigos.com.mk,yes,outside,,,,Македонија
4154573189,20.9614188,41.9995695,Era,burger;sandwich;breakfast;ice_cream;tea;cake;coffee_shop;pasta;pizza;diner,,,Mo-Su 09:00-00:00,,wlan,,,,,,,,
4154574089,20.961125,41.9976539,Restaurant Boss,burger;sandwich;ice_cream;grill;cake;coffee_shop;pasta;greek;balkan;pancake;pizza;fish_and_chips;diner;italian_pizza;fish;hot_dog;breakfast;tea;italian,,,24/7,,wlan,,,,,,,,
4190335990,20.9734955,41.8453568,Restaurant Oaza,,,,,,,,,,,,,,
4195733217,21.4338587,41.9955972,Соул кичен,international,,,,Cкoпje,,,,yes,outside,,,,Кеј 13 Ноември
4239053639,21.4307185,42.0229923,Beta,,,,,,,,,,,,,,
4247199848,22.1911884,41.7375454,Classic Restaurant,sandwich;balkan;breakfast;pizza;kebab;local;pasta;coffee_shop;ice_cream,,,Mo-Su 07:00-00:00,,wlan,,,,,,,,
4252577296,20.5959852,41.2357204,Via Ignatia,,,,,,,,,,,,,,
4253086993,20.8011081,41.1166205,Dr. Falafel,,,,Mo-Sa 09:30-22:30  Su 16:00-23:00,,,+389 77 897 167,,,,,,,7 Ноември
4253210327,21.4212497,41.9495659,Мулино Гарден,,,,,,,,,,,,,,
4267161773,20.9894268,42.0041795,Restaurant Emporium,,,,Mo-Th 08:00-24:00  Fr-Sa 08:00-01:00  Su 08:00-24:00,,,+389 78 388 265,,,,,,,
4267660935,20.989468,42.0042478,Fontana Grill,steak_house,,,Mo-Su 08:00-24:00,,,+389 70 664 471,,,,,,,
4270352289,21.7206493,42.1320465,Restoran Prado,burger;sandwich;regional;international;grill;coffee_shop;pasta;balkan;pancake;pizza;fish_and_chips;diner;chicken;italian_pizza;fish;seafood;mediterranean;italian;fine_dining,https://m.facebook.com/prado.kumanovo/,,Mo-Th 08:00-24:00; Fr-Sa 08:00-01:00; Su 10:00-24:00,,wlan,38931430100,,,,,,,Св. Кирил и Методиј
4275843195,21.4160063,41.9969599,Лавче,,,,,,,,,,,,,,
4283863605,20.7972577,41.1124024,Ресторан Антико,,,,,,,,,,,,,,
4292369647,21.6186125,41.9371686,Kaj Dzek,chicken;kebab;grill;local;balkan,,,,,wlan,,,,,,,,
4302211290,21.4002154,42.0030463,Бабе,fish,,,,,,,,,,,,,
4315772629,21.34668,41.0130595,Vavilon,,,,,,,,,,,,,,
4318054807,22.6366903,41.231591,Elita,fish,,,,,,,,,,,,,
4318400296,21.4655483,41.9915744,Златна вилушка,,,,,,,,,,,,,,Булевар АСНОМ
4327921318,21.3986642,42.0034137,Thong Thai,thai,,,Sa-Su 10:00-01:00,,,38971661234,,,outside,,,,
4346542839,21.4301208,41.9927317,"Lounge Bar & Restaurant ""Square 21""",,,,,,wlan,,,,,,,,
4347356991,22.8581787,41.7058839,Чардак,balkan,http://www.cardak.mk,,,,wlan,38978465474,info@cardak.mk,,,,,,Страшо Пинџур
4355675606,21.4826074,41.9788465,Ресторан Златник,,,,,,,,,,,,,,
4356193798,22.1966748,41.7388546,Кебапчилница Тасе,,,,,,,,,,,,,,
4360781689,22.1922397,41.7382087,Рома,,,,,,,,,,,,,,
4375878893,20.9746292,42.0073877,11,,,,,,wlan,,,,,,,,
4376827005,20.804929,41.0035617,Бане 2,,,,,,,,,,,,,,
4380494182,21.552257,41.3431784,Стојче-Метропол,,,,,,,,,,,,,,
4405634704,20.7573957,41.7018616,Ресторан Мал Одмор,,,,,,,,,,,,,,
4406532855,21.3679919,41.9953546,Вила Веранда,local,,,,,,,,,outside,,,,
4407370494,21.4520843,41.9883207,еквестријан,,,,,,wlan,,,,,,,,
4408677899,20.756666,41.7014251,Кај Тетка Вики,,,,,,,,,,,,,,
4422047259,21.0067043,41.1085785,Етно Куќа,,,,,,,,,,,,,,
4429141992,20.7986796,41.1168867,Brioni 2008,,,,,,,,,,,,,,
4429142391,20.7985841,41.1169309,Exclusive Art Cuisine,,,,,,,,,,,,,,
4430465598,20.971466,42.008963,КУБИКС - Студио за Анимација,,http://www.kub-x.com/,limited,24/7,Tetovo,no,,,,,,,,Ilindenska
4436518191,21.4362461,41.9996618,Kaj Serdarot,,,,,,,,,,,,,,
4436534289,21.436081,41.9996701,Destan,,,,,,,,,,,,,,
4436534489,21.4355402,41.9994953,Австриска палта,,,,,,,,,,,,,,
4448736389,22.6433683,41.4433529,Чамовски,,,,,,,,,,,,,,
4457471314,21.5888229,41.9864102,Royal Food Zlate,,,,,,,,,,,,,,
4459578969,21.4355402,41.9949989,Амика,international,,,,Cкoпje,,,,,,,,,Кеј 13 Ноември
4471884330,21.427293,42.0059792,Four,international;italian;fish,,,,,wlan,,,yes,outside,,,,
4481662566,21.4335119,41.995703,Дион,italian,,,,,,,,,,,,,
4489456010,20.607177,41.6226607,House of Miyaks Ethno Restaurant,regional;coffee_shop;sandwich;ice_cream;international;turkish;steak_house,http://kukjanamijacite.mk,yes,Mo-Su 09:00-21:00,Mavrovo and Rostushe,wlan,+389 070 378 333,contact@kukjanamijacite.mk,yes,isolated,,,,
4491144570,21.3936186,42.0045887,Срна,regional,,,,,,,,,outside,,,,Никола Русински
4502450789,20.9272881,41.9444009,Restoran Elita,,,,,,,,,,,,,,101
4502463695,20.9398801,41.976507,Nes Komerc,,,,,,,,,,,,,,
4502469595,20.929929,41.9485098,Niki,,,,,,,,,,,,,,
4530818689,22.90042,41.3709709,Ресторан АтлантиС Смоларски Водопат,fish;barbecue;local;grill,http://www.atlantis.mk,,Mo-Su 10:00-22:00,,wlan,38978314212,manager@atlantis.com.mk,,,,,,Smolare
4531682389,21.4021635,41.9959806,Македонска куќа,burger;regional;ice_cream;grill;crepe;coffee_shop;balkan;pancake;chicken;diner;fish;breakfast;tea;sausage;local;fine_dining;kebab;barbecue,http://www.makedonskakuka.com,,Mo-Su 08:00-00:00,,wlan,38923296415,contact@makedonskakuka.com,,,,,,Митрополит Теодосиј Гологанов
4532522589,20.5226109,41.5101027,Drilon,,,,24/7,,wlan,,,,,,,,rruga Liqenit
4552084306,21.4648097,42.0030521,Кај Тоше на Ќоше,regional,,,,,,,,,,,,,
4587348695,21.0514706,42.0755301,Ресторан Цуцла,,,,,,,,,,,,,,
4594264491,21.0512358,42.072656,Ресторан Трио,,,,,,,,,,,,,,
4602841983,22.3355793,42.2027771,Restaurant Osogovec,regional,,,,Kriva Palanka,,,,terrace,isolated,,,,Marshal Tito
4614149399,20.8375411,41.765046,Бурими Тре,,,,,,,,,,,,,,
4614149418,20.8363637,41.7653321,Панорама,,,,,,,,,,,,,,
4642412989,20.9144193,40.9390733,Beach Bar Mystic,,,,,,,,,,,,,,
4650542892,21.5078989,41.9932328,Гостилница Софра,,,,,,,,,,,,,,Париска Комуна
4650625589,21.5099084,41.9951884,Пицерија Кремисимо,,,,,,,,,,,,,,
4683222726,22.8186239,41.9752689,Рибник Воденица,seafood,,,08:00 - 00:00,Delchevo,,,,yes,outside,,,,Road Route A3
4718381271,22.4988477,41.1373679,Restoran Sarisa,regional,,,,Гевгелија,,+389 78717607,,,,,,,Маршал Тито
4720703993,21.4600445,41.9978436,Dojrana Skopje,,,,,,,,,,,,,,
4740748226,21.6126147,41.9953625,Конак Јазбиње,,,,,,,,,,,,,,
4741046037,22.3598489,42.19038,Vodenicata 3,,,,,,,,,,,,,,
4746796221,20.5266276,41.5215391,Ресторан Грамоз,fish;burger;sandwich;breakfast;ice_cream;grill;cake;steak_house;pasta;balkan;diner;barbecue,,,Mo-Su 08:00-11:00,,wlan,38970241533,ilirxhara@msn.com,,,,,,Velko Vlahoviq bb Debar
4753448922,20.9602367,41.9912803,Ultra,,,,,,,,,,,,,,
4771141151,20.8459093,41.7704206,Riben Restoran Bigor,,,,,,,,,,,,,,
4804666922,21.1624357,40.9075981,Vila Raskrsnica,local,,,,,,,,,,,,,
4838686622,21.4069546,42.0060914,Bonimi,regional,https://m.facebook.com/bonimimkd/,,Mo-Su 20:00-24:00,,,,,yes,,,,,Булевар 8-ми Септември
4842050522,22.336137,42.205828,Royal Lounge Bar,,,,,,,,,,,,,,
4879772021,20.7934666,41.1148473,Гладиатор,,,,,,,,,,,,,,
4884870823,20.790543,41.1109837,Кај Каневче,,,,,,,,,,,,,,
4884908023,20.7410279,40.9141308,Свети Наум,,,,,,,,,,,,,,
4912937822,20.9756816,42.009057,Ресторан Еснав,,,,,,,,,,,,,,
4912996422,20.9758291,42.0089945,Ресторан Тетовска Куќа,,,,,,,,,,,,,,
4912996423,20.9758432,42.0095705,Пица-Ресторан Пунто Верде,,,,,,,,,,,,,,
4915240923,20.9805382,42.0069026,Гарден Ресторант,,,,,,,,,,,,,,
4945457423,21.0571809,40.9721129,Proper,,,,,,,,,,,,,,
4976334922,21.4640869,41.9913259,Т'га за југ,,,,,,,,,,,,,,
4986923021,20.7982792,41.112178,Порта,,,,,,,,,,,,,,
4990142138,21.4412533,42.0195979,Бизнис,,,,,,,,,,,,,,Ресенска
4993144523,20.7969483,41.1118507,Далга,,,,,,,,,,,,,,
5019758021,21.4280925,42.0039853,Парк,,,,,,,,,,,,,,
5033108253,21.4191901,42.0005946,Кантина,burger;coffee_shop;sandwich;ice_cream,,,Monday- Satudray 09:00-24:00,Cкoпje,,,,yes,outside,,,,Радњанска
5064700321,21.404415,42.0353232,Аликас,,,,,Визбегово,,,,,,,,,Ul Качанички пат
5072397092,21.4633394,41.9914306,Пицерија Фамилија,,,,,,,,,,,,,,
5074216083,21.316191,41.9908973,Er & Bi,,www.erbi.com.mk,,,,,,contact@erbi.com.mk,,,,,,
5075880321,20.799108,41.0902867,БИЧ ЕНД ЛОУНЏ ЏОВАНИ,,,,Mo-Sa 08:00-01:00; Su 09:00-00:00,,wlan,70230030,beachgiovani@gmail.com,,,,,,Naum Ohridski
5075885521,22.6388602,41.4409617,Salomon fud,,,,,,,,,,,,,,
5123724239,21.5712443,41.9150979,Грин Вилиџ,,,,Mo-Su 11:00-23:00,,,,,,,,,,
5131832941,21.4276093,41.9948293,7 Скара Ресторан,grill,http://7.mk/skara-restoran/,,Mo-Th 08:00-24:00; Sa 08:00-01:00,Cкoпje,,38923224000,info@7.mk,yes,,,,,Даме Груев
5160613722,21.4492023,41.9899769,Мезе Бар,,https://www.facebook.com/mezebarskopjanka/,,Fr-Su 08:00-01:00; Su 08:00-17:00; Mo-Th 08:00-00:00,Cкoпje,wlan,38926121214,,,,,,,Булевар Кузман Јосифовски Питу
5184727125,21.3678533,42.0084679,Ubac,,,,,,wlan,38972555005,,,,,,,Булевар Ѓорче Петров
5224224121,21.4223088,41.9916485,Gostilnica Gurman,,,,Mo-Su 07:00-22:00,,wlan,38923176200,ristovskidac@yahoo.com,,,,,,
5246219203,21.4193986,41.9868025,Баба Цана,macedonian,,,,,,,,,,,,,
5268700370,21.3931934,42.0044372,Pizza Jakomo,pizza,http://www.pizzajakomo.com/,,,Cкoпje,,+37976338668;+38978338668,,yes,,,,,Никола Русински
5289706561,21.4276864,41.9913338,Star Ocean,,,,,,,,,,,,,,
5292130848,21.4149006,42.0005187,Fitness house,,,,,,,,,,,,,,
5321194052,22.7742657,41.9654757,Две Липи,,https://www.facebook.com/meanadvelipi/,,,Делчево,,,,yes,,,,,бул. Методи Митевски Брицо
5334903322,22.3309502,42.2075328,Стар Лисец,,,,,,wlan,38970756364,,,,,,,Македонска
5334903323,22.335623,42.2026632,Аквариум,,,,24/7,,wlan,,,,,,,,Свети Јоаким Осоговски
5448461621,21.3412151,41.0236829,Скандал,,,,,,,,,,,,,,Партизанска
5448461921,20.7981623,41.1122361,Пица Александриа,italian_pizza,http://www.pizzanemo.com,,Su-Th 09:00-00:00; Fr-Sa 09:00-01:00,,wlan,+389 46 253 355,contact@pizzanemo.com,,,,,,Цар Самоил
5467884712,21.4808444,41.9837709,Segreto Plus,,,,,,,,,,,,,,
5542393287,22.2011852,41.7471233,Кафе Канал 77,,,,,,,,,,,,,,
5548809221,21.4366123,41.9995926,кај сердарот,local;barbecue,,,,,,,,yes,,,,,
5561692079,21.4565032,41.9729164,Тарапана,,,,,,,,,,,,,,
5572053321,21.4205747,42.0013292,Дебар Маало,chicken;diner;beef_bowl;american;ice_cream;local;tea;pizza;burger;cake;pasta;french;italian_pizza;seafood;crepe;pancake;sandwich;coffee_shop;balkan;mediterranean;croatian;fish;kebab;breakfast;grill,,,Su-Th 08:00-00:30; Fr-Sa 08:00-01:00,,wlan,38976219654,,,,,,,Живко Чинго
5599976622,20.7824024,40.9617356,Mermaid Terrace,,,,,,,,,,,,,,
5602643621,20.7980562,41.1121475,Pizza Aleksandrija,,,,,,,,,,,,,,
5614557098,22.3572149,41.9945499,Осоговска Куќа,,,,,,,,,,,,,,
5624670966,21.4235595,42.0023813,МЦМ Мезе Бар,balkan,,,24/7,,wlan,38970250420,mezebarmcm@gmail.com,,,,,,Булевар Илинден
5624682355,21.4239655,42.0028235,Костарика,,,,,,,,,,,,,,
5624682356,21.4242333,42.003366,Калабалак,,,,,,,,,,,,,,
5624682357,21.4240111,42.0028813,Старо Скупи,,,,,,,,,,,,,,
5624682358,21.4240218,42.0030128,Занзибар,pizza,,,,,,,,,,,,,
5626432520,21.4210921,42.0013712,Идадија,,,,,,,,,,,,,,
5626433431,21.4214837,42.001453,Наџак,,,,,,,,,,,,,,
5626433457,21.4206632,42.0010941,Zing,,,,,,,,,,,,,,
5626433480,21.420049,42.0007591,Дебар Маало,,,,,,,,,,,,,,
5626433502,21.4208615,42.0014888,Кај Перо,,,,,,,,,,,,,,
5672618724,21.7282115,42.1333614,Помодоро,,,,,,,,,,,,,,
5692608680,21.4236496,41.9990664,Gostilnica Estel,kebab,,,,,,,,yes,,,,,
5747737260,22.8869357,41.7619502,Хотел Гогов,,,,,,,,,,,,,,
5761128522,21.0130069,41.0913864,Стар сокак,,,,,,,,,,,,,,
5770427174,21.3740403,42.0063483,Aleksandrija,,,,,,,,,,,,,,
5772884450,21.7131719,42.1333475,Ambrella,,,,,,,,,yes,,,,,
5777115753,20.9660018,42.0133094,БЕЛАМИА,fish;regional;international;ice_cream;crepe;seafood;coffee_shop;steak_house;balkan;pancake;pizza;diner;chicken,http://belamia.mk,,Mo-Su 09:00-23:00,,wlan,38944331332,bela_mia2004@yahoo.com,,,,,,Гоце Делчев
5789449053,21.4361151,41.9995917,СНОШТИ МИНАВ,local,,,,,wlan,,,,,,,,
5798868260,21.4237345,41.7918174,Планинарски дом Караџица,,,,,,,,,,,,,,
5798936014,20.9082428,41.7922445,Ресторант Вита Аби,,,,,,,,,,,,,,
5810248383,20.7833664,40.9621226,Сен Тропе,,,,,,,,,,,,,,
5813417254,21.4200655,42.0009079,"Кафана ""Дебар Маало""",savory_pancakes;german;chicken;diner;american;local;barbecue;tea;fine_dining;cake;pasta;international;french;greek;seafood;fish_and_chips;pancake;sandwich;coffee_shop;balkan;mediterranean;croatian;ramen;turkish;fish;kebab;grill,,,Mo-Th 08:00-00:00; Fr-Su 08:00-01:00,,wlan,38971279660,,,,,,,Живко Чинго
5830234866,21.2952137,41.96002,Fish Grill (Macedonian Cave Restaurant),,,,Mo-Su 09:00-21:00,,,,,yes,,,,,
5833924459,20.7362858,41.6510336,Glamour,,,,,,,,,,,,,,
5834871927,20.6516188,41.2239348,Grand restaurant,,,,,,,,,,,,,,
5840484087,21.4001853,42.0031615,Буре,macedonian,,,,,,,,,,,,,
5841843562,21.5554324,41.3459748,Magic Food,,,,,,,,,,,,,,
5853269557,20.8125826,41.0544299,Terasa Utarna,,,,,,,,,,,,,,
5890717249,20.807528,41.1069789,Ristorante Stazione,italian,,,,,,,,,,,,,
5896644185,20.8894257,41.2434073,Dedo Dimo,balkan,http://www.dedodimo.mk,,Mo-Su 12:00-00:00,,wlan,38946279595,dimodedo@yahoo.com,,,,,,Kuratica
5897434185,20.8157042,41.1259308,Ресторан Панорама,,,,Mo-Su 07:00-23:55,,,,,,,,,,
5911332251,20.8839683,41.5106535,Рибен Ресторан Добреноец,fish,,,,,,,,,,,,,
5911332404,20.8928941,41.5034917,Фурна,,,,,,,,,,,,,,
5926230349,21.6320595,41.5475438,Рибник Ресторан Оморани,fish,,,,,,,,,,,,,
5942100285,20.798032,41.1124235,Kaj Ksantani Restaurant,,,,,,wlan,,,,,,,,
5956366686,20.5887025,41.2397324,Pectopahot,regional;kebab;balkan,,,,,,,,,,,,,
5956379085,20.5881905,41.2401095,Kutmičevica,regional;local;balkan,,,,,wlan,,,,,,,,
5999496785,21.6985476,42.1288686,Restaurant Arcus,,,,,,,,,,,,,,
6032865286,21.4371953,42.0002786,Pçela,barbecue;local,,,,,,,,,,,,,
6054050099,21.4135121,41.9947932,Воденица,,,,,,,,,,,,,,
6079524217,22.5877841,42.0248909,Elita,regional,,,,,,,,,,,,,
6079524220,22.5925757,42.0178073,Zlatina,fish;regional,,,,,,,,,,,,,
6102488864,21.4199442,41.9959518,Restoran Frosina,local,,,,,,,,,,,,,
6268687385,21.4520444,41.9826324,Gala Kujna,,,,,,,,,,,,,,
6275187295,21.4462164,42.0365961,EZO,,,,,,,,,,,,,,
6278471769,21.4100468,42.0127048,Меана Б Јавор Мрзенци,,,,,,,,,,,,,,
6329816785,22.3580161,42.2228585,Pashina vodenica,,,,,,,,,,,,,,
6337592985,22.5034378,41.1414088,Идила,,,,,,wlan,,,,,,,,
6346079372,22.1907365,41.7368287,Ресторан Сан-Ремо,,,,,,,,,,,,,,
6347445700,22.1921774,41.7383603,У Сокако,,,,,,,,,,,,,,
6347445707,22.1928555,41.7390109,Верона,,,,,,,,,,,,,,
6347491473,22.1901494,41.7371339,Универзитетски Ресторант,pizza;regional;burger;coffee_shop;sandwich;kebab;chicken;ice_cream,https://www.facebook.com/uniklub,,,,,,,,,,,,
6359901288,20.9351278,42.0189508,Driada,,,,,,,,,,,,,,
6368357685,21.7788314,41.7177173,Гостилница Сокаче,,https://m.facebook.com/profile.php?id=572126203244707&ref=content_filter,,Mo-Su 08:00-00:00,,wlan,38978349043,,,,,,,Благој Ѓорев
6370064210,21.331219,41.0309947,Гарден Имиџ,,,,,,,,,,,,,,
6386335236,21.4362086,41.9996644,Kaj Гоце,,,,,,,,,,,,,,
6388918787,20.9090036,41.7928399,Familijar Restaurant,,,,,,,,,,,,,,
6393028782,20.8012066,41.1156043,Macedonska Sofra,regional,,,,,,,,,,,,,
6393029979,20.799568,41.1133047,Letnica Kitchen & Bar,,,,,,,,,,,,,,
6405264185,21.4670662,41.9856161,"Пицерија ""Дени""",pizza,,,,,,38976346201,,,,,,,
6452647277,22.8968221,41.3881711,Лебедово езеро,,,,,,,,,,,,,,
6549925330,21.0712879,40.9538093,Coca Beach Bar,,,,,,,,,,,,,,
6551495317,21.5699754,42.1683969,Панорама,,,,,,,,,,,,,,
6553038892,20.800019,41.0911484,Divono,regional,,,,,,,,,,,,,
6553390107,22.243567,41.4089518,4 Nova,regional,,,,,,,,,,,,,
6553424134,22.2287354,41.415802,Moderna,regional;pizza;italian,,,,,,,,,,,,,
6556622586,20.8098566,41.1066934,Ресторан Орфеј,barbecue;mediterranean,,,Mo-Su 08:00-23:00,,wlan,75463446,,,,,,,Партизанска
6586691822,21.4681708,41.9819646,La Pizza,,,,,,,38972575756,,,,,,,
6591444786,22.1808429,42.0766945,Гостилница Кај Спиро,regional;local;balkan,,,,,wlan,,,,,,,,
6635746831,22.5072573,41.8845742,Rusticana,,,,,,,,,,,,,,
6638917286,22.5078812,41.8852945,Roma pizza,,,,,,,,,,,,,,
6657846786,21.7180518,42.1344812,Bash Pelivan,,,,,,,,,,,,,,
6665290230,21.9710192,41.3956964,Restaurant,,,,,,,,,,,,,,
6677312292,21.3357094,41.0289785,Center Lounge & Fresh Bar,,,,,,,047 52 83 62,,,,,,,Shirok Sokak
6781335887,21.4360459,41.999319,Kebapčilinica Rio,,,,,,,,,,,,,,
6788977446,21.4131738,41.9995518,Vega,,,,,,,,,,,,,,
6796436088,21.4381319,42.0015097,Сараево,,,,Mo-Su 07:30-19:00,,,,,,,,,,
6812666802,21.7007524,42.1328848,Milano,,,,,,,,,,,,,,
6814231688,21.4364213,42.0006226,Tako mako,,,,,,,,,,,,,,
6814231700,21.4372514,42.0003594,Ohrid,,,,,,,,,,,,,,
6814231702,21.4285563,41.9969456,Markt kitchen,,,,,,,,,,,,,,
6814231793,21.4374652,42.0002543,Sac,,,,,,,,,,,,,,
6814236587,21.4224937,42.0019483,Skopsko,,,,,,,,,,,,,,
6814236621,21.4385882,42.002112,Palas,,,,,,,,,,,,,,
6814245589,21.4219242,42.0017089,Schpajs,,,,,,,,,,,,,,
6814246691,21.436443,42.0005272,Don Giovanni,,,,,,,,,,,,,,
6814246724,21.4373399,41.9999786,Concept,,,,,,,,,,,,,,
6815434686,21.4382061,42.0016292,Plaset,,,,Mo-Su 07:00-02:00,,,,,,,,,,
6815434691,21.4086507,41.9971719,Млечен Бар,,,,,,,,,,,,,,
6815454785,21.4244578,41.9945241,Букет,,,,,,,,,,,,,,
6815918386,21.4243264,41.9963262,Mosh,,,,,,,,,,,,,,
6815931392,21.4186405,42.0026188,Metzka,,,,,,,,,,,,,,
6821158588,21.4243092,41.9942446,Davidoff,,,,,,,,,,,,,,
6827032731,21.4415279,42.0027517,Pizzeria Bik,,,,,,,,,,,,,,
6827032733,21.4380383,42.0011296,Old Balkan,,,,,,,,,,,,,,
6827076186,21.4371206,42.0025774,Kursumli An,,,,,,,,,,,,,,
6831632793,20.8003256,41.1145687,Alpi,,,,,,,,,,,,,,
6831648796,20.8078783,41.111976,Leopard,,,,,,,,,,,,,,
6831648800,20.8056915,41.1103498,Amfora,,,,,,,,,,,,,,
6831648890,20.8070573,41.1122508,Centro,,,,,,,,,,,,,,
6831648891,20.8107333,41.1139038,Pizzeria,,,,,,,,,,,,,,
6833100785,20.8049184,41.1117071,Europa,,,,,,,,,,,,,,
6834463391,20.80978,41.1069136,Orfej,,,,,,,,,,,,,,
6837039887,20.8066516,41.1079577,Madera,,,,,,,,,,,,,,
7001354685,21.4009703,42.0030579,Буре лептокарија,,,,,,,,,,,,,,
7027229685,21.4352029,41.993295,Ресторан Национал,,,,,,,,,,,,,,
7027229686,21.4283137,41.996324,Кај Јоле,,,,,,,,,,,,,,
7093171485,21.4157772,42.0062237,Рок Кафана Рустикана 2.0,barbecue;burger;american;breakfast;balkan,,,Mo-Sa 10:00-24:00,,wlan,,,,,,,,Булевар Илинден
7124138452,22.7224768,41.1839779,Тоби,,,,,Стар Дојран,,,,,,,,,Маршал Тито
7124138462,22.7229174,41.1835605,Ресторан Вавилон,pizza;greek,,,Mo-Su 08:00-23:00,Стар Дојран,,34225122,,,,,,,Маршал Тито
7124138463,22.7230699,41.1833727,Боеми,,,,Mo-Su 08:00-23:00,Стар Дојран,,,,,,,,,Маршал Тито
7124138464,22.7232486,41.1834248,Казабланка,,,,,Стар Дојран,,,,,,,,,Кај 5 ти Ноември
7124138465,22.7233718,41.1830341,Нота,,,,,Стар Дојран,,,,,,,,,Маршал Тито
7130929832,21.4147058,42.0046693,Скадарлија,international,https://restoran-skadarlija-skopje.business.site/,,,Cкoпje,,38923052717,,yes,separated,,,,Орце Николов
7184137085,20.5878142,41.2404084,Ресторан Република,barbecue;balkan,,,Mo-Su 10:00-23:00,,wlan,,,,,,,,Вевчани
7316834012,20.9705086,42.0087985,CITYGRILL Tetove,,,,Mo-Su 08:00-23:00,Tetovo,,38972695000,,,,,,,Илинденска
7373084433,22.1979387,41.7482188,Tornado Lounge Bar,,,,,,,,,,,,,,
7500424555,21.3563369,41.204736,Kaj Zlate,,,,Mo-Su 11:00-00:00,,,,,,,,,,
7714773225,20.9632525,41.5120219,Pizzeria Yahoo,,,,,,,,,,,,,,
7714773227,20.9575863,41.5110368,Lounge Bar Bacardi,,,,,,,,,,,,,,
7714773228,20.9586947,41.5106546,Lounge Bar New Age,,,,,,,,,,,,,,
7724657485,21.0605131,40.9718757,Sunset Restaurant,balkan,,,,,wlan,,,,,,,,
7783659086,20.9085717,41.7912806,Burektore Saq,,,,,,,,,,,,,,
7836016446,21.9401845,41.8645123,Пицерија Леа,pizza,,,,,,,,,,,,,
7836016476,21.9427115,41.8650539,Пицерија Ти Амо,pizza;coffee_shop;burger;grill;wine;beer,https://picerijatiamo.mk/,,Mo-Su 08:00-24:00,Свети Николе,,032 444 4446,,,,,,,Плоштад Илинден
7841117318,21.9424303,41.8658394,Пијано Бар,,,,,,,,,,,,,,
7888434356,21.3137576,41.8128659,Река,,,,,,,,,,,,,,
7904816925,21.9422174,41.8679289,Тивка Ноќ,,,,,,,,,,,,,,
7904816926,21.9420944,41.8680609,Швајцарија,,,,,,,,,,,,,,
8043810920,21.5382215,41.3503836,Делфина,macedonian,https://www.facebook.com/%D0%A0%D0%B5%D1%81%D1%82%D0%BE%D1%80%D0%B0%D0%BD-%D0%94%D0%B5%D0%BB%D1%84%D0%B8%D0%BD%D0%B0-1402052980039316/,,,Прилеп,,38948410300,,,,,,,Пере Тошев
8043957655,21.5555548,41.3332719,Кермес,macedonian,,,,Прилеп,,38948410192,,,,,,,Цар Самоил
8043957656,21.5551002,41.3466818,Ла Страда (Калипсо),pizza;macedonian,https://www.facebook.com/lastradabycalypso/,,,Прилеп,,+38975410645;+38948414212,,,,,,,Гоце Делчев
8043957657,21.5539582,41.3465843,Леоне,macedonian;pizza,https://www.facebook.com/LeonePrilep/,,,Прилеп,,38948418282,,,,,,,Гоце Делчев
8094057485,21.4097614,41.9974684,Сидро,,,,,Cкoпje,,,,,,,,,Атинска
8375206948,20.9446443,42.0241791,Restaurant Anes Lumit,,,,,,,,,,,,,,Banjice
8434486650,21.5156883,41.939595,PIZZA Bellucci,pizza;italian,https://www.facebook.com/232325386663/posts/%D0%BF%D0%B8%D1%86%D0%B5%D1%80%D0%B8%D1%98%D0%B0-pizza-bellucci-%D0%B4%D1%80%D0%B0%D1%87%D0%B5%D0%B2%D0%BE%D0%B1%D0%B5%D1%81%D0%BF%D0%BB%D0%B0%D1%82%D0%BD%D0%B0-%D0%B4%D0%BE%D1%81%D1%82%D0%B0%D0%B2%D0%B0-%D0%B7%,,Mo-Sa 10:00-00:00,,,+389 77 838 838,,yes,outside,yes,,yes,
8745631651,21.4276555,41.9942708,Paradise Food,,https://www.facebook.com/paradisefood.mk/,,Mo-Th 08:00-20:00; Fr 08:00-16:00; Su 08:00-20:00,Cкoпje,,+389 76 424 104,,,,,,,Даме Груев
8792003923,20.6352894,41.0975365,Езерски Рај,fish,,,,,,,,,,,,,
8807124420,21.3855189,42.0091204,Кај чичо 2,,,,Mo-Sa 09:00-24:00; Su 12:00-20:00,,,,,yes,outside,,,,
8837787973,21.9437258,41.578961,Kaj лаки,,,,,,,,,,,,,,
8868720618,21.2626435,41.0345273,Villa Vista,,,,,,,38947220050,,,,,,,
8909816031,21.3366265,41.0266555,Буре,,,,,,,,,,,,,,
8909816034,21.3365076,41.0273766,Равена,,,,,,,,,,,,,,
8909816035,21.3371573,41.0270204,Корзо,,,,,,,,,,,,,,
8910471474,21.3374821,41.0282053,Бела Куќа,,,,,,,,,,,,,,
8911858261,21.3157954,41.0245246,Качунка,,,,,,,,,,,,,,
8946930217,20.7579455,41.7026712,Lounge Bar Mavrovo,,,,,,,,,,,,,,
8948359876,21.4542028,41.9866451,Equilibrium,,,,,,,,,,,,,,
8990283203,21.3355359,41.0264068,Гала Гарден,,,,,,,,,,,,,,
9040234627,20.8048774,41.1130145,oTTo,sushi,https://www.facebook.com/otto.good.mood.food,yes,11:00,Ohrid,wlan,38976203108,,yes,,,,,Dimitar Vlahov
9062216725,21.7219653,42.1238452,Екслузив Бастион,,,,,,,38970334174,,,,,,,
9161033019,20.8013591,41.1166832,Corner,,,,,,,,,,,,,,
9161046817,20.8000296,41.1182878,Kaj Tzitzo,,,,,,,,,,,,,,
9200216340,21.4142957,42.0006689,Mexican street food,,,,,,,,,,,,,,
9200216346,21.4171327,41.997055,Boko,,,,,,,,,,,,,,
9200216723,20.791588,41.1108108,Potpes,,,,,,,,,,,,,,
1E+15,21.4190485,41.992373,Конструкта,,,,,Cкoпje,,,,,,,,,Васил Ѓоргов
1E+15,21.4021466,41.9960393,Македонска куќа,regional,http://www.makedonskakuka.com/en/skopje.php,,08:00-24:00,Cкoпje,,,contact@makedonskakuka.com,,,,,,Mitropolit Teodosij Gologanov
1E+15,21.3405655,41.0173918,Император,,,,,,,,,,,,,,
1E+15,21.3349568,41.0303546,Грне,regional,,,,Битола,,,,,outside,,,,Плоштад Магнолија
1E+15,21.4237388,41.9953323,Ресторан 2 Златника,,,limited,,Cкoпje,,,,,,,,,Митрополит Теодосиј Гологанов
1E+15,21.4226605,41.9973394,Керпич,,,,,Cкoпje,,,,,,,,,Дебарца
1E+15,21.4220934,41.9962023,Дане,regional,,,,Cкoпje,,,,,,,,,Киро Крстевски Платник
1E+15,21.422204,41.995115,Ка,grill;local,,,,Cкoпje,wlan,38923214350,,,,,,,Митрополит Теодосиј Гологанов
1E+15,21.4182853,41.9954805,Ѓезме,regional,,,,Cкoпje,,,,,,,,,
1E+15,21.422976,41.9989973,Мечос,pizza,,,,Cкoпje,,,,,,,,,Аминта Трети
1E+15,21.3743398,41.976999,Св.Пантелејмон - Клет,regional,,,,Cкoпje,,,,,,,,,
1E+15,21.756239,41.7788767,Bela Voda,balkan,,,Mo-Su 09:00-00:00,,,,,,,,,,
1E+15,21.7446381,42.121648,Стара Бања,,,,,,,,,,,,,,
1E+15,21.4622374,42.0030645,Боними,,,,,Cкoпje,,,,,,,,,Трифун Хаџијанев
1E+15,21.4599001,41.9979315,Дојрана,,,,,Cкoпje,,,,,,,,,
1E+15,21.4239688,41.9996894,Sushi Ко,chinese;thai;japanese;sushi,http://www.sushico.mk,,Su-Th 12:00-23:00; Fr-Sa 10:00-00:00,Cкoпje,,+389 2 3217874,,yes,separated,,,,Аминта Трети
1E+15,21.4107344,42.0060096,Лира,regional,http://www.lyra.com.mk/,,09:00-24:00  Fr-Sa 09:00-01:00,Cкoпje,wlan,+389 2 3061726,gostilnica_lira@t-home.mk,yes,separated,,yes,yes,Никола Тесла
1E+15,21.4384354,41.9968367,Стара куќа,regional,http://starakuka.com.mk/,yes,,Cкoпje,,+389 2 3131376,,yes,separated,,,,Пајко Маало
1E+15,21.4097243,42.0096654,Балканика,regional,,,,Cкoпje,,,,,separated,,,,
1E+15,21.4220098,42.006134,Уранија,,,,,Cкoпje,,,,,,,,,
1E+15,21.427251,41.9957135,Ѕвезден Океан,chinese,,,,Cкoпje,,,,,,,,,
1E+15,21.4140445,42.0081706,Ресторан Маргер,regional,http://www.marger.com.mk,,08:00-24:00  Fr-Sa 08:00-01:00,Cкoпje,,+389 78 685 086;+389 23 067 428,,,,,,yes,Булевар Илинден
1E+15,22.3517411,41.3912335,Белов 113,,,,,,,,,,,,,,
1E+15,21.4099117,42.0850789,Национален Ресторан Чардак,macedonian,,,,,,,,,,,,,
1E+15,21.4107439,42.0863291,Вила Весница,macedonian,,,,,,,,,,,,,
1E+15,21.7302575,42.1535677,Сателит 2000,,,,,,,,,,,,,,
1E+15,21.6778762,41.3706233,Че,,,,,,,,,,,,,,
1E+15,21.1571267,41.2284641,Вила Горна Куќа,,,,,,,,,,,,,,
1E+15,20.7426283,40.9141722,Острово,,,,,,,,,,,,,,
1E+15,21.5510411,41.3429717,Европска Скара,,,,,,,,,,,,,,
1E+15,21.5571542,41.3472201,Македонска Куќа,macedonian,http://www.makedonskakuka.com,yes,,Прилеп,wlan,+38948433419;+38970208519,contact@makedonskakuka.com,,,,,,Јоска Јорданоски - Сандански
1E+15,21.5512171,41.3431556,Златно Буренце,,,,,,,,,,,,,,
1E+15,21.2482062,41.3682287,Андора,pizza,,,,Крушево,,38948477450,,,,,,,Таќа Бербер
1E+15,20.9704191,42.0016809,Arena,,,,,,,,,,,,,,
1E+15,20.9556657,41.5049147,Luna,regional,,,,,,,,,yes,,,,
1E+15,20.951589,41.5170907,Milenium,regional,,,,,,,,,,,,,
1E+15,21.677938,41.3704576,Че,,,,,,,,,,,,,,
1E+15,21.4466299,41.9892137,Рулет,,,,,Cкoпje,,,,,,,,,
1E+15,20.9183388,41.5211545,House of Art,,,,,,,,,,,,,,
1E+15,21.4260724,42.0015806,Sopotsko,,,,,Cкoпje,,,,,,,,,
1E+15,20.960827,41.9881358,600,balkan;pizza;burger,,,Mo-Su 08:00-23:00,,wlan,,,,,,,,
1E+15,20.9609075,41.9883874,601,,,,,,,,,,,,,,
1E+15,20.9608223,41.9879359,600,balkan;international,,yes,,,wlan,,,,,,,,
1E+15,21.5752234,41.9943076,Doma,,,,,,,,,,,,,,
1E+15,20.7945146,41.1124497,Дамар,regional,,,8:00 - 23:30,Ohrid,,,,,outside,,,,Коста Абраш
1E+15,20.7942442,41.1126067,Света Софија,regional,,,,,,,,,outside,,,,Цар Самоил
1E+15,20.7940517,41.1124925,Вија сакра,pizza,,,9:15 - 01:00,,,,,,outside,,,,Цар Самоил
1E+15,21.4374003,41.9931176,Kуќа,regional,,,,Cкoпje,,,,,,,,,
1E+15,22.0908504,41.4824789,Пицерија Ема,pizza,,no,,,,,,,,,,,
1E+15,21.2704742,41.0410326,Гамур,regional,,,,,,,,,,,,,
1E+15,21.441485,41.9944607,Ресторан Кej,,,,,Cкoпje,,,,,,,,,Кеј 13 Ноември
1E+15,21.4145693,42.00006,Бравос,regional;pizza,,,,Cкoпje,,,,,,,,,Адолф Циборовски
1E+15,20.7902437,41.1110905,Kaнeo,,,,,,wlan,,,,,,,,
1E+15,21.5398694,41.3547088,Хотел Салидда,,,,,,,,,,,,,,
1E+15,21.429626,41.9891201,Od Nas Za Vas,regional,,,,Cкoпje,,,,,,,,,
1E+15,21.5519754,41.3465015,Букефал,,,,,,,,,,,,,,
1E+15,21.5392403,41.3383143,Дониа,regional,,,,,,,,,,,,,
1E+15,21.5404649,41.3393269,Лав,macedonian;seafood,,,,Прилеп,,38948422322,,,,,,,Трајко Николоски
1E+15,21.5486194,41.3433883,Липа ГА,macedonian,,,,,,38948401601,,,,,,,
1E+15,21.3924371,42.0017015,Скара Бар,regional,http://skarabar.mk/,yes,08:00-24:00,Cкoпje,,+389 75 727110,info@skarabar.mk,yes,separated,,,,Варшавска
1E+15,21.5490712,41.3434722,Империјал,,,,,Прилеп,,,,,,,,,Борка Утот
1E+15,21.5481737,41.3427434,Жито Прилеп 1,,,,,Прилеп,,,,,,,,,Димо Димоски-Наредникот
1E+15,21.4131896,41.9948411,Воденица,italian,www.vodenicamulino.com.mk,,,Cкoпje,,,,,,,,,
1E+15,21.4129989,41.9948965,Дукат,regional,,,Mo-Fr 08:00-24:00; Sa Su 00:00-01:00 08:00-24:00,Cкoпje,,+389 2 3211011,gostilnicadukat@gmail.com,yes,separated,,yes,yes,Митрополит Теодосиј Гологанов
1E+15,21.3918671,42.0018539,Ресторан 14,regional,http://www.restoran14.com.mk/,,,Cкoпje,,+389 2 3076411,,,outside,,,,Лондонска
1E+15,21.4059057,42.0137743,Ден и Ноќ,regional,http://www.replek.com.mk/DeniNok/zaNas.htm,,,Cкoпje,,,,,,,,,
1E+15,21.4198501,41.9867827,Корнер / Баба Цана,regional,,,08:00 - 00:00,Cкoпje,,+38923126390;+38970386589,,,,,,,Партенија Зографски
1E+15,21.4198115,42.0010431,Skopski Merak,regional,http://www.skopskimerak.mk/,,Mo-Su 00:00-01:00 08:00-24:00,Cкoпje,,,,yes,separated,,,,Дебарца
1E+15,21.3016376,41.9640751,Kulla Alinea,regional,,,,,,,,yes,,,,,
1E+15,22.7708091,41.9659577,Ресторан Македонија,,,,,Делчево,,,,,,,,,Маршал Тито
1E+15,21.3905927,42.0440002,Aktiva,,,,,,,,,,,,,,
1E+15,22.7730519,41.9642798,Гостилница Кај Мите,,,,,Делчево,,,,,,,,,Маршал Тито
1E+15,21.4258146,42.003496,Томче Софка,,http://hotelimakedonija.com.mk/mk/Hotel/62/Hotel-Tomce-Sofka-Skopje,,,,,,,,,,,,Јордан Хаџиконстантинов Џинот
1E+15,21.4403078,41.9899916,Калабалак,,,,,,,,,,,,,,
1E+15,20.9012962,40.9445244,мали рај,regional,,,10:00-01:00,,,,,yes,,,,,
1E+15,21.425958,41.9898961,Јавна Соба,regional,http://publicroom.org/contact.html,,08:00-24:00,Cкoпje,,+389 2 6092650,contact@publicroom.org,,no,,,,50-та дивизија
1E+15,20.8865121,42.0130612,бачцло,,,,,,,,,,,,,,
1E+15,20.9190809,42.0110805,Шар,albanian,,,,Tetovo,,,,,separated,,,,
1E+15,21.5874617,41.9825664,Rozenberg,regional,,,,,,,,,,,,,
1E+15,21.4286482,42.0487648,Imperial,local,,,,,,,,,,,,,
1E+15,21.4138473,41.9069237,Регент Клуб,,https://regentclub.com.mk/,,,,,,,,,,,,
1E+15,21.4014254,42.0013528,Restoran Olive,regional,https://www.facebook.com/olive.skopje/,yes,Mo-Sa 09:00-24:00,Cкoпje,,+389 (0)2 3 06 66 23,info@olive.mk,yes,outside,,,,Париска
1E+15,21.4094849,41.9954379,Фурна,,,,,,,,,,,,,,
1E+15,21.4573278,42.1140737,квин рибник,fish,,,Mo-Su 11:00-00:00,Ljubanci,no,38978417516,,,,,,,
1E+15,21.5221413,41.3436319,Теракота,,,,,,,,,,,,,,
1E+15,21.5274279,41.3450377,Лаки,pizza;barbecue;macedonian,https://www.facebook.com/Restaurant.Laki,,,Прилеп,,+38978248120;+38948402122,,,,,,,Леце Котески
1E+15,21.439194,41.9895322,Ла Тана,,,,,,,,,,,,,,
1E+15,21.4394294,41.9897235,Амиго,,,,,,,,,,,,,,
1E+15,21.4393643,41.989645,Кај Злате,regional,,,,,,,,,,,,,
1E+15,21.4379661,42.0011507,Галерија 7,turkish,,,,,,,,,,,,,
1E+15,22.1861206,41.7441588,Мал-Одмор,,,,,,,,,,,,,,
1E+15,22.1899973,41.7439712,ЗАКИ 1,,,,,,,,,,,,,,
1E+15,22.1845728,41.7472817,Златна рипка,,,,,,,,,,,,,,
1E+15,22.1839834,41.748514,НЕЦКО 2,,,,,,,,,,,,,,
1E+15,22.1787768,41.7515502,Ресторан Ваго,,,,,,,,,,separated,,,,
1E+15,22.1813055,41.7480225,Меана за Мерак,,,,,,,,,,,,,,
1E+15,22.1834691,41.7475759,Лонгуров,,,,,,,,,,,,,,
1E+15,21.5907654,41.9908873,Black Pearl,regional,,,,,,,,yes,outside,,,,
1E+15,22.055579,42.1027558,Kuklica,regional,,,,,,,,,,,,,
1E+15,21.4458855,42.011451,Erdi,,,,,,,,,,,,,,Сараевска
1E+15,21.4465923,42.0111565,Vesa,,,,,,,,,,,,,,Сараевска
1E+15,21.4452479,42.011735,Alba,,,,,,,,,,,,,,Сараевска
1E+15,21.4353613,42.0082074,Dielli,,,,,,,,,,,,,,
1E+15,21.4358749,42.011987,Golden Mili,,,,,,,,,,,,,,Пере Тошев
1E+15,21.4287397,42.0013874,Кај Жабарот,,,,,,,,,,,,,,
1E+15,21.4791372,42.0033524,Гостилница Мерак,regional,,,,,,,,,,,,,
1E+15,21.4220947,42.0023254,Читална,regional,,,,,,,,,outside,,,,
1E+15,21.4221788,42.0020431,Чардак,regional,,,,,,,,yes,,,,,
1E+15,21.4202966,42.0009183,Наша софра,,,,,,,,,,,,,,
1E+15,21.420484,42.0015901,Дебар Маало,,,,,,,,,,,,,,
1E+15,21.4209447,42.0012484,Гурмет,regional,,,09:00-24:00  Fr-Sa 09:00-01:00,Cкoпje,,,gurmet@restorani.com.mk,,,,,yes,Отон Жупанчич
1E+15,21.4214709,42.0014088,Наџак,,,,,Cкoпje,,,,,,,,,Мирослав Крлежа
1E+15,21.4222441,42.0016502,Kancelarija,,,,,,,,,,,,,,
1E+15,21.4220786,42.0021418,Чамо,,,,,,,,,,,,,,
1E+15,21.4222887,42.0021744,Ganza,,,,,,,,,,,,,,Ѓорѓи Пешков
1E+15,21.4194824,42.0012248,Antica,regional,,,,Cкoпje,,,,yes,,,,,Дебарца
1E+15,21.4580102,42.0007359,Кремисимо 2,,,,,,,,,,,,,,
1E+15,21.4067262,42.0062332,Bonimi,regional,https://m.facebook.com/bonimimkd/,,Mo-Su 20:00-24:00,,,,,yes,,,,,Булевар 8-ми Септември
1E+15,21.4065102,42.0062805,Барбакан,,,,08:00-01:00,Cкoпje,,,,yes,,,,,Булевар 8-ми Септември
1E+15,21.5567872,41.3449609,Бисер,traditional,,,,Прилеп,,38970208328,,,,,,,1. Мај
1E+15,21.4526831,41.6515719,Ribnik,seafood,,,,,,,,,,,,,
1E+15,21.4121661,42.0048265,4 Angeli,,,,Mo-Sa 08:00-24:00,,,,,,,,,,
1E+15,22.0002842,42.1489108,Чешмиче,,,,,,,,,,,,,,На Чешмиче
1E+15,20.6689529,41.1725935,Конак,,,,,,,,,,,,,,
1E+15,20.6761792,41.174184,Женска Плажа,,,,,,,,,,,,,,
1E+15,20.6733996,41.1751769,Црвен Мак,,,,,Струга,,,,,,,,,Пабло Неруда
1E+15,20.6718637,41.1763912,Оаза,,,,,,,,,,,,,,
1E+15,20.6743731,41.1765939,Св. Георгиј,,,,,,,,,,,,,,
1E+15,20.674498,41.1766005,Бриони,,,,,,,,,,,,,,
1E+15,20.675725,41.1757803,Буренце,,,,,,,,,,,,,,
1E+15,20.6743721,41.176785,Маива,,,,,,,,,,,,,,
1E+15,20.6742239,41.1768179,Драган и Јовче,,,,,,,,,,,,,,
1E+15,20.6782676,41.1762454,Св. Никола,,,,,Струга,,38970362720,,,outside,,,,Гоце Делчев
1E+15,20.6784247,41.1764555,Антико,,,,,,,,,,,,,,
1E+15,20.6785312,41.1768736,Ангела,,,,,,,,,,,,,,
1E+15,20.6763375,41.1758033,13,,,,,,,,,,,,,,
1E+15,21.5906669,41.3842271,Мир,,,,,,,,,,,,,,
1E+15,21.7184498,42.1308159,Mosha Mel,,,,,,,,,,,,,,
1E+15,21.718759,42.1307697,Yard,,,,,,,,,,,,,,
1E+15,21.4919316,41.9519545,Ваташа пекара,,,,,,,,,,,,,,Борис Трајковски
1E+15,21.4693029,41.9670412,Везилка,,,,,,,,,,,,,,Борис Трајковски
1E+15,21.4691124,41.9672697,Дениција,,,,,,,,,,,,,,Борис Трајковски
1E+15,22.183685,41.7474384,Бисер Митре,,,,,,,,,,,,,,
1E+15,21.4470613,42.1733791,Hamza Brez,regional,,,,,,,,yes,outside,,,,
1E+15,21.3803929,42.0258581,Krcma Zuto Kombe,regional,http://www.temovbeer.com/,,,,,+389 76 462374,,yes,outside,,,,
1E+15,20.8931549,41.79492,Деде Бег,,,,,Гостивар,,70229489,,,,,,,Јна
1E+15,20.9049684,41.790163,Пела,italian,,,,Гостивар,,,,,,,,,"ул. ""Живко Брајковски"""
1E+15,22.4795327,41.1841395,Центар,burger;sandwich;kebab;barbecue,,,,,,,,,,,,,
1E+15,22.6387434,41.4412451,Shalom,regional;pizza;pasta;dessert;sushi;fish;meat;chicken;pastrmajlija,https://shalom.mk/,,,,,,,,,,,,
1E+15,21.5499886,41.3457396,Академи,pizza;burger;national;barbecue,,,,Прилеп,,38948550500,,,,,,,Кузман Јосифоски-Питу
1E+15,21.9044966,41.4756164,Јавор,fast_food;macedonian,,,,,,38943445556,,,,,,,
1E+15,21.086233,41.2985085,Бабино,macedonian,,,,,,3.89047E+11,,,,,,,
1E+15,21.5647214,41.3450184,Алтан,macedonian,https://www.facebook.com/KafeRestoranALTAN/,,,Прилеп,,38970308834,,,,,,,Александар Македонски
1E+15,21.4852834,41.975817,Куц у Кец (Панда),regional,,,,Скопје,,,,,,,,,Тодор Чангов 20
1E+15,20.6834625,41.5002888,Margule,,,,Mo-Sa 08:00-20:00,,,,,,,,,,
1E+15,21.074435,41.2643585,На Валајци,macedonian,,,,,,38971334550,,,,,,,
1E+15,21.7777262,41.3909368,Крпачов Камен,macedonian,https://krpachovkamen.com,,Mo-Su 11:00-20:00,,,+38971221500;+38975442200,,,,,,,
1E+15,21.5557143,41.3469009,Ај По Една,macedonian,,,,Прилеп,,+38948615400;+38976406980,,,,,,,Илинденска
1E+15,21.5555988,41.3464693,Стара Чаршија,macedonian,,,,Прилеп,,38948429434,,,,,,,Илинденска
1E+15,21.5588877,41.3478268,Две Лири,macedonian,,,,Прилеп,,+38977713600;+38948550559,,,,,,,Јоска Јорданоски - Сандански
1E+15,21.5551634,41.3463028,Дел Посто,italian;macedonian,http://www.delposto.mk/,,,Прилеп,,+38948550090;+38948435000,,,,,,,Илинденска
1E+15,21.5555766,41.3449815,Евро,macedonian,,,,Прилеп,,38976441007,,,,,,,Херој Карпош
1E+15,21.7150071,41.1962534,Мариово,macedonian,http://www.mariovo.mk/,,,,,38978279018,,,,,,,
1E+15,21.5516335,41.3445726,Изгрев,,https://www.facebook.com/Kebapcilnica-%D0%98%D0%B7%D0%B3%D1%80%D0%B5%D0%B2-578825595563734/,,,Прилеп,,+38948435300;+38970896710,,,,,,,Сотка Ѓорѓиоски-Сотка
1E+15,21.5494325,41.3459891,Кекеле,macedonian,,,,Прилеп,,38978532885,,,,,,,Кузман Јосифоски-Питу
1E+15,21.5559189,41.3455655,Кај Џоки,macedonian,,,,Прилеп,,+38975343465;+38948525778,,,,,,,Херој Карпош
1E+15,21.5520928,41.3445122,Александрија,macedonian,,,,Прилеп,,38948424000,,,,,,,Сотка Ѓорѓиоски-Сотка
1E+15,21.55654,41.3463678,Лидер,macedonian,https://www.facebook.com/restaurantlider,,,Прилеп,,38948411444,,,,,,,Браќа Ламески
1E+15,21.2491931,41.3678441,Рома,pizza,,,,,,38948476519,,,,,,,
1E+15,21.2455515,41.3734272,Крушевска Одаја,macedonian,,,,Крушево,,38975421946,,,,,,,Тодор Проески-Тоше
1E+15,21.2457311,41.3736817,Либра,macedonian,https://hotelskorpion.ga/,,,,,3.88976E+11,,,,,,,
1E+15,21.4409802,41.4090904,Империја,macedonian,,,,,,,,,,,,,
1E+15,21.9457575,41.8633689,Мечкуевска Куќа - Пуже,,,,Mo-Su 09:00-01:00,,,38932440704,,,,,,,
1E+15,21.3365953,41.0263954,Цане Боксеро,,,,,,,,,,,,,,
1E+15,22.1004103,42.207343,Restaurant Ranch,,,,,,,,,,,,,,
1E+15,21.3602597,41.1026559,Златен Даб,,,,,,,,,,,,,,
1E+15,21.0271864,42.0670341,Лешок,macedonian,,,,,,+38944382666;+38970733829,,,,,,,
1E+15,21.5041443,41.3095361,Вила Малуш,,,,,,,38978405568,,,,,,,
